keyword,monthly_search_volume_us,category,has_free_template,free_template_url
excel accounting software,8250,bookkeeping-accounting,no,
purchase order template excel,2850,crm-sales-kpi,yes,https://tabletemplates.com/free/purchase-order-template-excel/
meeting minutes templates,1200,project-management,yes,https://tabletemplates.com/free/meeting-minutes-templates/
seo reporting templates,820,seo-marketing,no,
check register template excel,800,budget-personal-finance,yes,https://tabletemplates.com/free/check-register-template-excel/
rental property profit and loss template excel,690,real-estate-rental,yes,https://tabletemplates.com/free/rental-property-profit-and-loss-template-excel/
workout excel template,640,health-habits-home,yes,https://tabletemplates.com/free/workout-excel-template/
chore chart template excel,480,health-habits-home,yes,https://tabletemplates.com/free/chore-chart-template-excel/
vacation tracker excel,470,hr-schedule-payroll,yes,https://tabletemplates.com/free/vacation-tracker-excel/
quality control templates excel,350,quality-process,yes,https://tabletemplates.com/free/quality-control-templates-excel/
audit template excel,300,quality-process,yes,https://tabletemplates.com/free/audit-template-excel/
rental ledger template excel,220,bookkeeping-accounting,no,
excel check register template,220,budget-personal-finance,no,
fleet management template excel,200,fleet-logistics,yes,https://tabletemplates.com/free/fleet-management-template-excel/
workforce planning template excel,180,construction-field,yes,https://tabletemplates.com/free/workforce-planning-template-excel/
quality assurance template excel,170,quality-process,no,
restaurant budget template excel,160,budget-personal-finance,yes,https://tabletemplates.com/free/restaurant-budget-template-excel/
employee scorecard template excel,160,sports-coaching,yes,https://tabletemplates.com/free/employee-scorecard-template-excel/
weight loss tracker excel,160,health-habits-home,yes,https://tabletemplates.com/free/weight-loss-tracker-excel/
customer onboarding templates,150,crm-sales-kpi,yes,https://tabletemplates.com/free/customer-onboarding-templates/
comparative market analysis template excel,150,real-estate-rental,yes,https://tabletemplates.com/free/comparative-market-analysis-template-excel/
rental property proforma template excel,150,real-estate-rental,no,
offensive play call sheet template excel,150,sports-coaching,no,
schedule c excel template,120,hr-schedule-payroll,yes,https://tabletemplates.com/free/schedule-c-excel-template/
wh-347 form excel download,100,construction-field,yes,https://tabletemplates.com/free/wh-347-form-excel-download/
construction wip report template excel,90,construction-field,yes,https://tabletemplates.com/free/construction-wip-report-template-excel/
internal audit plan template excel,80,quality-process,yes,https://tabletemplates.com/free/internal-audit-plan-template-excel/
football play sheet template excel,80,sports-coaching,yes,https://tabletemplates.com/free/football-play-sheet-template-excel/
construction wip schedule template excel,70,construction-field,no,
maintenance kpi dashboard excel template,60,crm-sales-kpi,yes,https://tabletemplates.com/free/maintenance-kpi-dashboard-excel-template/
internal audit checklist excel,50,quality-process,no,
moving checklist template excel,50,travel,yes,https://tabletemplates.com/free/moving-checklist-template-excel/
wip report template excel,40,construction-field,no,
competency checklist template excel,40,health-habits-home,yes,https://tabletemplates.com/free/competency-checklist-template-excel/
client payment tracker excel,30,crm-sales-kpi,no,
golf handicap calculator excel,30,sports-coaching,yes,https://tabletemplates.com/free/golf-handicap-calculator-excel/
logistics kpi excel template,20,crm-sales-kpi,no,
brutus excel weight bench,20,health-habits-home,no,
racing templates,20,project-management,no,
co parenting calendar template excel,20,real-estate-rental,no,
probate accounting template excel,10,bookkeeping-accounting,no,
asce 7-16 wind load calculator excel,10,construction-field,no,
cutover plan template excel,10,construction-field,no,
procurement cost savings excel template,10,construction-field,no,
manufacturing kpi template excel,10,crm-sales-kpi,no,
shareholder register template excel,10,fleet-logistics,no,
production shift handover template excel,10,hr-schedule-payroll,no,
pipe schedule chart excel,10,hr-schedule-payroll,no,
food order template excel,10,invoice-po-quote,no,
operational readiness checklist template excel,10,quality-process,no,
softball lineup template excel,10,sports-coaching,no,
office move checklist template excel,10,travel,no,
scorecard template excel,230,sports-coaching,no,
quality control checklist template excel,150,quality-process,yes,https://tabletemplates.com/free/quality-control-checklist-template-excel/
change management excel template,100,quality-process,yes,https://tabletemplates.com/free/change-management-excel-template/
golf scorecard template excel,60,sports-coaching,yes,https://tabletemplates.com/free/golf-scorecard-template-excel/
golf stats tracker excel spreadsheet,30,sports-coaching,yes,https://tabletemplates.com/free/golf-stats-tracker-excel-spreadsheet/
wip report template excel free,10,construction-field,no,
house renovation excel template,10,real-estate-rental,no,
travel itinerary template excel,2990,travel,yes,https://tabletemplates.com/free/travel-itinerary-template-excel/
property management templates,910,real-estate-rental,no,
decision matrix template excel,290,project-management,yes,https://tabletemplates.com/free/decision-matrix-template-excel/
excel based accounting software,50,bookkeeping-accounting,yes,https://tabletemplates.com/free/excel-based-accounting-software/
project status report template excel,1670,project-management,yes,https://tabletemplates.com/free/project-status-report-template-excel/
seo report template excel,100,seo-marketing,yes,https://tabletemplates.com/free/seo-report-template-excel/
customer profile template excel,20,crm-sales-kpi,no,
wedding photography shot list excel,20,wedding-events,no,
schedule e excel template,40,hr-schedule-payroll,yes,https://tabletemplates.com/free/schedule-e-excel-template/
seo audit checklist excel,250,quality-process,no,
personal budget template excel,6610,budget-personal-finance,no,
excel inventory template,6490,inventory,no,
invoice excel template,6460,invoice-po-quote,no,
profit and loss template excel,3700,bookkeeping-accounting,no,
excel timesheet template,3570,hr-schedule-payroll,no,
excel task tracker,3530,project-management,no,
balance sheet template excel,3150,bookkeeping-accounting,no,
free profit and loss statement template excel,2560,bookkeeping-accounting,no,
excel schedule,1920,hr-schedule-payroll,no,
real estate templates,1820,real-estate-rental,no,
quote templates,1720,invoice-po-quote,no,
excel dashboard templates,1710,crm-sales-kpi,no,
kpi tracking template excel,1380,crm-sales-kpi,yes,https://tabletemplates.com/free/kpi-tracking-template-excel/
purchase order templates,1200,invoice-po-quote,no,
christmas templates,1170,wedding-events,no,
excel performance review template,1040,hr-schedule-payroll,yes,https://tabletemplates.com/free/excel-performance-review-template/
expense report templates,1000,budget-personal-finance,no,
property investment calculator excel,950,real-estate-rental,no,
weekly meal planner template excel,890,health-habits-home,no,
payroll excel template,760,hr-schedule-payroll,no,
construction schedule excel template,730,construction-field,no,
excel christmas sweater,700,wedding-events,no,
free estimate templates,680,invoice-po-quote,yes,https://tabletemplates.com/free/free-estimate-templates/
project charter templates,680,project-management,no,
wedding planning excel template,680,wedding-events,no,
depreciation schedule template excel,620,hr-schedule-payroll,yes,https://tabletemplates.com/free/depreciation-schedule-template-excel/
bill of lading template excel,620,invoice-po-quote,no,
balanced scorecard template excel,610,sports-coaching,no,
sales report templates,580,crm-sales-kpi,yes,https://tabletemplates.com/free/sales-report-templates/
pto tracker excel,580,hr-schedule-payroll,yes,https://tabletemplates.com/free/pto-tracker-excel/
sales pipeline templates,560,crm-sales-kpi,no,
excel estimate template,550,invoice-po-quote,no,
ledger templates,540,bookkeeping-accounting,yes,https://tabletemplates.com/free/ledger-templates/
free bol template excel,540,fleet-logistics,no,
bank reconciliation template excel,500,budget-personal-finance,yes,https://tabletemplates.com/free/bank-reconciliation-template-excel/
kanban board excel template,490,project-management,yes,https://tabletemplates.com/free/kanban-board-excel-template/
mileage log template excel,480,health-habits-home,no,
excel debt payoff template,430,budget-personal-finance,yes,https://tabletemplates.com/free/excel-debt-payoff-template/
employee attendance tracker excel,430,hr-schedule-payroll,yes,https://tabletemplates.com/free/employee-attendance-tracker-excel/
quote template excel,420,invoice-po-quote,no,
vendor list templates,410,crm-sales-kpi,yes,https://tabletemplates.com/free/vendor-list-templates/
short term rental calculator excel,400,real-estate-rental,no,
free construction estimating software excel,380,construction-field,no,
wedding spreadsheet templates,370,wedding-events,no,
panel schedule template excel,370,construction-field,no,
consulting templates,350,seo-marketing,no,
ideation templates,350,project-management,no,
hvac fitting templates,350,construction-field,no,
skills matrix template excel,350,project-management,no,
excel template for real estate investment,300,real-estate-rental,yes,https://tabletemplates.com/free/excel-template-for-real-estate-investment/
contract management excel template,300,bookkeeping-accounting,no,
fmea excel template,300,quality-process,yes,https://tabletemplates.com/free/fmea-excel-template/
debt schedule template excel,280,hr-schedule-payroll,yes,https://tabletemplates.com/free/debt-schedule-template-excel/
real estate investment analysis excel spreadsheet,270,real-estate-rental,no,
customer success templates,260,crm-sales-kpi,no,
construction bid template excel,250,construction-field,yes,https://tabletemplates.com/free/construction-bid-template-excel/
annual performance review templates,250,hr-schedule-payroll,no,
rent roll excel template,250,real-estate-rental,no,
content creator templates,250,seo-marketing,no,
fishbone template excel,250,quality-process,yes,https://tabletemplates.com/free/fishbone-template-excel/
change order template excel,240,project-management,yes,https://tabletemplates.com/free/change-order-template-excel/
employee attendance sheet in excel,220,hr-schedule-payroll,no,
annual review templates,220,hr-schedule-payroll,no,
contractor invoice templates,220,invoice-po-quote,yes,https://tabletemplates.com/free/contractor-invoice-templates/
cleaning checklist template excel free download,210,health-habits-home,yes,https://tabletemplates.com/free/cleaning-checklist-template-excel/
career path template excel,210,project-management,yes,https://tabletemplates.com/free/career-path-template-excel/
construction punch list template excel,200,construction-field,no,
customer templates,200,crm-sales-kpi,no,
lessons learned template excel,200,health-habits-home,no,
cash flow forecasting model excel,200,budget-personal-finance,yes,https://tabletemplates.com/free/cash-flow-forecasting-model-excel/
travel policy templates,200,travel,no,
travel agent templates,200,travel,no,
excel job application tracker,200,hr-schedule-payroll,yes,https://tabletemplates.com/free/excel-job-application-tracker/
account reconciliation template excel,200,budget-personal-finance,no,
hvac templates,200,construction-field,no,
cmmc policy templates,200,quality-process,no,
construction quote templates,190,invoice-po-quote,no,
rental invoice templates,190,invoice-po-quote,no,
chart of accounts templates,180,bookkeeping-accounting,yes,https://tabletemplates.com/free/chart-of-accounts-templates/
hr form templates,180,hr-schedule-payroll,yes,https://tabletemplates.com/free/employee-database-excel-template/
free payroll software in excel,170,hr-schedule-payroll,no,
rent receipt templates,170,invoice-po-quote,yes,https://tabletemplates.com/free/rent-receipt-templates/
auto repair invoice templates,170,invoice-po-quote,yes,https://tabletemplates.com/free/auto-repair-invoice-templates/
football templates,170,sports-coaching,no,
wedding planners books,170,wedding-events,no,
marketing dashboard excel,160,crm-sales-kpi,yes,https://tabletemplates.com/free/marketing-dashboard-excel/
invoice reconciliation template excel,160,invoice-po-quote,no,
call center scorecard template excel,160,sports-coaching,yes,https://tabletemplates.com/free/call-center-scorecard-template-excel/
balance sheet account reconciliation template excel,150,bookkeeping-accounting,no,
clinical trial budget template excel,150,budget-personal-finance,yes,https://tabletemplates.com/free/clinical-trial-budget-template-excel/
bill of materials template excel,150,budget-personal-finance,no,
sales templates free,150,crm-sales-kpi,no,
leader standard work template excel,150,crm-sales-kpi,yes,https://tabletemplates.com/free/leader-standard-work-template-excel/
food and beverage cost control excel spreadsheets,150,health-habits-home,yes,https://tabletemplates.com/free/food-and-beverage-cost-control-excel-spreadsheets/
roster templates,150,hr-schedule-payroll,no,
consulting invoice templates,150,invoice-po-quote,no,
aia billing template excel,150,invoice-po-quote,yes,https://tabletemplates.com/free/aia-billing-template-excel/
project scope template excel,150,project-management,no,
real estate sms templates,150,real-estate-rental,no,
travel landing page templates,150,travel,no,
christmas tree templates,150,wedding-events,no,
rank tracker templates,150,seo-marketing,no,
maintenance log template excel,150,real-estate-rental,no,
uat checklist template excel,150,quality-process,no,
ppc landing page templates,150,seo-marketing,no,
soc 2 policy templates,150,quality-process,no,
electrical contractor templates,150,construction-field,no,
every door direct mail templates,150,fleet-logistics,no,
airbnb arbitrage calculator excel,150,real-estate-rental,no,
reconciliation template excel,150,budget-personal-finance,no,
electronic medical record templates,150,health-habits-home,no,
gender reveal templates,150,wedding-events,no,
hvac advertising templates,150,construction-field,no,
compensation analysis template excel,150,budget-personal-finance,yes,https://tabletemplates.com/free/compensation-analysis-template-excel/
asc 842 lease template excel free,150,budget-personal-finance,yes,https://tabletemplates.com/free/asc-842-lease-template-excel-free/
free church tithe and offering spreadsheet excel,150,budget-personal-finance,yes,https://tabletemplates.com/free/free-church-tithe-and-offering-spreadsheet-excel/
iso 27001 policy templates,150,quality-process,no,
leadpages templates,140,crm-sales-kpi,no,
production schedule templates,140,hr-schedule-payroll,yes,https://tabletemplates.com/free/production-schedule-templates/
sample church budget template excel,130,budget-personal-finance,yes,https://tabletemplates.com/free/sample-church-budget-template-excel/
sales plans templates,130,crm-sales-kpi,yes,https://tabletemplates.com/free/sales-plans-templates/
kpi excel dashboard,130,crm-sales-kpi,no,
lease amortization schedule in excel,130,hr-schedule-payroll,no,
real estate facebook ad templates,130,real-estate-rental,no,
roofing quotes templates,120,invoice-po-quote,yes,https://tabletemplates.com/free/roofing-quotes-templates/
flip calculator excel,120,real-estate-rental,yes,https://tabletemplates.com/free/flip-calculator-excel/
excel bill,110,budget-personal-finance,no,
free lesson plans templates download,110,health-habits-home,no,
free landscaping estimate template excel,110,invoice-po-quote,yes,https://tabletemplates.com/free/free-landscaping-estimate-template-excel/
commercial real estate marketing templates,110,real-estate-rental,no,
wedding guest list template excel free download,110,wedding-events,no,
dave ramsey budget template excel,100,budget-personal-finance,no,
expense reimbursement form template excel,100,budget-personal-finance,yes,https://tabletemplates.com/free/expense-reimbursement-form-template-excel/
accounts receivable kpi dashboard excel,100,crm-sales-kpi,yes,https://tabletemplates.com/free/accounts-receivable-kpi-dashboard-excel/
sales sheet templates,100,crm-sales-kpi,no,
construction invoice templates,100,invoice-po-quote,no,
auto body repair invoice templates,100,invoice-po-quote,no,
racing t-shirt design templates,100,project-management,no,
real estate letter templates,100,real-estate-rental,no,
travel photo book templates,100,travel,no,
progress report templates,100,project-management,no,
hipaa policy templates,100,quality-process,no,
soc 2 controls list excel,100,quality-process,no,
accounts receivable excel template,100,budget-personal-finance,yes,https://tabletemplates.com/free/accounts-receivable-excel-template/
daily management board templates,100,project-management,no,
bridal shower game templates,100,wedding-events,no,
hipaa risk assessment template excel,100,quality-process,yes,https://tabletemplates.com/free/hipaa-risk-assessment-template-excel/
sipoc template excel,100,quality-process,yes,https://tabletemplates.com/free/sipoc-template-excel/
marketing collateral templates,100,seo-marketing,no,
value stream mapping template excel,100,quality-process,no,
recruitment dashboard excel,100,hr-schedule-payroll,yes,https://tabletemplates.com/free/recruitment-dashboard-excel/
job safety analysis template excel,100,quality-process,yes,https://tabletemplates.com/free/job-safety-analysis-template-excel/
account based marketing templates,100,crm-sales-kpi,no,
ehr templates,100,health-habits-home,no,
valentines day templates,100,wedding-events,no,
layered process audit template excel,100,quality-process,no,
cost segregation excel template,100,budget-personal-finance,yes,https://tabletemplates.com/free/cost-segregation-excel-template/
talent acquisition templates,100,project-management,no,
data dashboard templates,100,crm-sales-kpi,no,
money templates,90,budget-personal-finance,no,
car sales text templates,90,crm-sales-kpi,no,
cleaning bids templates,90,health-habits-home,no,
petty cash template excel,90,health-habits-home,yes,https://tabletemplates.com/free/petty-cash-template-excel/
5s audit checklist warehouse excel,90,quality-process,yes,https://tabletemplates.com/free/5s-audit-checklist-warehouse-excel/
mortgage landing page templates,90,real-estate-rental,no,
double wedding ring quilt templates,90,wedding-events,no,
wedding planning templates free download,90,wedding-events,no,
restaurant bookkeeping templates,80,bookkeeping-accounting,yes,https://tabletemplates.com/free/restaurant-bookkeeping-templates/
small business chart of accounts template excel,80,bookkeeping-accounting,no,
bill calendar template excel,80,budget-personal-finance,yes,https://tabletemplates.com/free/bill-calendar-template-excel/
bill of quantities for a 4 bedroom house excel,80,budget-personal-finance,no,
procurement templates,80,construction-field,yes,https://tabletemplates.com/free/procurement-templates/
customer success plan templates,80,crm-sales-kpi,no,
dog templates,80,health-habits-home,no,
daily end of shift report template excel,80,hr-schedule-payroll,yes,https://tabletemplates.com/free/daily-end-of-shift-report-template-excel/
staff roster template excel free download,80,hr-schedule-payroll,no,
fixed assets schedule format in excel,80,hr-schedule-payroll,no,
landscaping invoice templates,80,invoice-po-quote,yes,https://tabletemplates.com/free/landscaping-invoice-templates/
teamwork project templates,80,project-management,no,
real estate instagram post templates,80,real-estate-rental,no,
supplier scorecard template excel,80,sports-coaching,yes,https://tabletemplates.com/free/supplier-scorecard-template-excel/
business travel request form template excel,80,travel,yes,https://tabletemplates.com/free/business-travel-request-form-template-excel/
subscription form templates,70,budget-personal-finance,no,
sales incentive plan template excel,70,crm-sales-kpi,yes,https://tabletemplates.com/free/sales-incentive-plan-template-excel/
call center kpi excel template,70,crm-sales-kpi,yes,https://tabletemplates.com/free/call-center-kpi-excel-template/
lead capture templates,70,crm-sales-kpi,no,
adhd templates,70,health-habits-home,no,
advanced excel macros,70,health-habits-home,no,
grade calculator excel template,70,health-habits-home,yes,https://tabletemplates.com/free/grade-calculator-excel-template/
payroll reconciliation template excel,70,hr-schedule-payroll,yes,https://tabletemplates.com/free/payroll-reconciliation-template-excel/
employee survey templates,70,hr-schedule-payroll,no,
wedding timeline template excel,70,wedding-events,yes,https://tabletemplates.com/free/wedding-timeline-template-excel/
formato de invoice en excel gratis,70,invoice-po-quote,no,
roofing invoice templates,70,invoice-po-quote,yes,https://tabletemplates.com/free/roofing-invoice-templates/
free painting estimate template excel,70,invoice-po-quote,yes,https://tabletemplates.com/free/free-painting-estimate-template-excel/
football t-shirt design templates,70,sports-coaching,no,
wedding album templates,70,wedding-events,no,
tenant rent ledger template excel free,60,bookkeeping-accounting,no,
construction draw request template excel,60,construction-field,yes,https://tabletemplates.com/free/construction-draw-request-template-excel/
weekly sales report template excel,60,crm-sales-kpi,no,
adhd planner templates,60,health-habits-home,no,
payroll journal entry template excel,60,hr-schedule-payroll,yes,https://tabletemplates.com/free/payroll-journal-entry-template-excel/
painting invoice template excel,60,invoice-po-quote,yes,https://tabletemplates.com/free/painting-invoice-template-excel/
cost estimate excel template,60,invoice-po-quote,no,
project intake form template excel,60,project-management,yes,https://tabletemplates.com/free/project-intake-form-template-excel/
real estate social media marketing templates,60,real-estate-rental,no,
schedule of real estate owned excel,60,real-estate-rental,yes,https://tabletemplates.com/free/schedule-of-real-estate-owned-excel/
merry christmas templates,60,wedding-events,no,
cancel legal templates subscription,50,budget-personal-finance,no,
construction takeoff template excel,50,construction-field,yes,https://tabletemplates.com/free/construction-takeoff-template-excel/
customer review templates,50,crm-sales-kpi,no,
monthly sales report template excel,50,crm-sales-kpi,no,
kajabi sales page templates,50,crm-sales-kpi,no,
sales commission tracker template for excel,50,crm-sales-kpi,yes,https://tabletemplates.com/free/sales-commission-tracker-template-for-excel/
leaderboard templates,50,crm-sales-kpi,yes,https://tabletemplates.com/free/leaderboard-templates/
excel weight bench,50,health-habits-home,no,
employee cost calculator excel,50,hr-schedule-payroll,yes,https://tabletemplates.com/free/employee-cost-calculator-excel/
2024 biweekly payroll calendar template excel,50,hr-schedule-payroll,no,
paint schedule template excel,50,hr-schedule-payroll,yes,https://tabletemplates.com/free/paint-schedule-template-excel/
prepaid expense amortization schedule excel,50,hr-schedule-payroll,yes,https://tabletemplates.com/free/prepaid-expense-amortization-schedule-excel/
nfl schedule grid excel,50,hr-schedule-payroll,no,
wood rifle stock design templates,50,inventory,no,
excel real time stock data,50,inventory,no,
interior design project plan template excel,50,project-management,no,
racing t shirt templates,50,project-management,no,
quality audit checklist excel,50,quality-process,no,
real estate instagram story templates,50,real-estate-rental,no,
softball tryout evaluation form excel,50,sports-coaching,yes,https://tabletemplates.com/free/softball-tryout-evaluation-form-excel/
softball t-shirt design templates,50,sports-coaching,no,
softball templates,50,sports-coaching,yes,https://tabletemplates.com/free/softball-templates/
excel gifts,50,wedding-events,no,
bookkeeping pricing template excel,40,bookkeeping-accounting,yes,https://tabletemplates.com/free/bookkeeping-pricing-template-excel/
year to date profit and loss statement template excel,40,bookkeeping-accounting,yes,https://tabletemplates.com/free/year-to-date-profit-and-loss-statement-template-excel/
lease accounting template excel,40,bookkeeping-accounting,no,
does excel cost money,40,budget-personal-finance,no,
billboard templates,40,budget-personal-finance,no,
attorney billable hours template excel,40,budget-personal-finance,yes,https://tabletemplates.com/free/attorney-billable-hours-template-excel/
free trucking expenses spreadsheet excel,40,budget-personal-finance,yes,https://tabletemplates.com/free/free-trucking-expenses-spreadsheet-excel/
new home construction checklist excel,40,construction-field,no,
construction cost code list excel,40,construction-field,yes,https://tabletemplates.com/free/construction-cost-code-list-excel/
sample boq for house construction excel,40,construction-field,no,
construction document templates,40,construction-field,no,
sales incentive plan template excel download,40,crm-sales-kpi,no,
sales commission tracker excel,40,crm-sales-kpi,no,
thrivecart sales page templates,40,crm-sales-kpi,no,
sales order templates,40,crm-sales-kpi,yes,https://tabletemplates.com/free/sales-order-templates/
gas station daily sales report excel template,40,crm-sales-kpi,yes,https://tabletemplates.com/free/gas-station-daily-sales-report-excel-template/
competitive intelligence templates,40,health-habits-home,no,
hire excel macro developers,40,health-habits-home,no,
peters excel 15-5-15,40,health-habits-home,no,
calorie tracker excel,40,health-habits-home,yes,https://tabletemplates.com/free/calorie-tracker-excel/
employee of the month templates,40,hr-schedule-payroll,no,
employee exit checklist template excel,40,hr-schedule-payroll,yes,https://tabletemplates.com/free/employee-exit-checklist-template-excel/
aia invoice template excel,40,invoice-po-quote,no,
open office templates invoice,40,invoice-po-quote,no,
pest control invoices templates,40,invoice-po-quote,yes,https://tabletemplates.com/free/pest-control-invoices-templates/
freight invoice templates,40,invoice-po-quote,yes,https://tabletemplates.com/free/freight-invoice-templates/
handyman invoice templates free,40,invoice-po-quote,no,
free electrical estimate template excel,40,invoice-po-quote,yes,https://tabletemplates.com/free/free-electrical-estimate-template-excel/
gmp audit checklist excel,40,quality-process,yes,https://tabletemplates.com/free/gmp-audit-checklist-excel/
real estate client database excel template,40,real-estate-rental,yes,https://tabletemplates.com/free/real-estate-client-database-excel-template/
printable double wedding ring quilt pattern templates,40,wedding-events,no,
christmas face in hole templates,40,wedding-events,no,
wedding koozie templates,40,wedding-events,no,
real estate chart of accounts excel,30,bookkeeping-accounting,no,
marital balance sheet template excel,30,bookkeeping-accounting,no,
personal finance excel dashboard,30,budget-personal-finance,no,
hr budget template excel,30,budget-personal-finance,no,
can i use excel without a subscription,30,budget-personal-finance,no,
procurement log template excel,30,construction-field,no,
cheerleading t-shirt designs templates,30,crm-sales-kpi,no,
sales performance review template excel,30,crm-sales-kpi,no,
free macro meal planner template excel,30,health-habits-home,no,
cleaning service forms templates,30,health-habits-home,no,
excel window cleaning,30,health-habits-home,no,
lessons learned excel template,30,health-habits-home,no,
excel macro icon,30,health-habits-home,no,
excel body fitness,30,health-habits-home,no,
grocery store templates,30,health-habits-home,no,
excel dog food,30,health-habits-home,no,
employee spotlight templates,30,hr-schedule-payroll,no,
downtime tracking excel template,30,hr-schedule-payroll,no,
pto accrual calculator excel template,30,hr-schedule-payroll,no,
free hvac invoice template excel,30,invoice-po-quote,no,
hourly invoice templates,30,invoice-po-quote,no,
trucking invoice templates,30,invoice-po-quote,no,
free estimate template excel,30,invoice-po-quote,no,
snow removal invoice template excel,30,invoice-po-quote,no,
free cost estimate template excel,30,invoice-po-quote,no,
acquisition project plan template excel,30,project-management,no,
merger and acquisition project plan templates,30,project-management,no,
iracing templates,30,project-management,no,
diagrama de gantt excel plantilla,30,project-management,no,
hud rent calculation worksheet excel,30,real-estate-rental,no,
real estate listing templates,30,real-estate-rental,no,
house flipping spreadsheet excel free,30,real-estate-rental,no,
fix and flip excel spreadsheet,30,real-estate-rental,no,
real estate commission calculator excel,30,real-estate-rental,no,
carrier scorecard template excel,30,sports-coaching,no,
free golf templates download,30,sports-coaching,no,
vendor scorecard template excel free,30,sports-coaching,no,
softball stat tracker excel,30,sports-coaching,no,
manufacturing job traveler template excel,30,travel,no,
travel form templates,30,travel,no,
travel joy templates,30,travel,no,
avery christmas templates,30,wedding-events,no,
wedding photography templates,30,wedding-events,no,
wedding contracts templates,30,wedding-events,no,
lite brite christmas templates,30,wedding-events,no,
wedding table number templates,30,wedding-events,no,
nonprofit chart of accounts excel,20,bookkeeping-accounting,no,
bill of materials template excel 2010,20,budget-personal-finance,no,
money in excel alternative,20,budget-personal-finance,no,
does microsoft excel cost money,20,budget-personal-finance,no,
excel bakery expenses spreadsheet,20,budget-personal-finance,no,
blank superbill templates,20,budget-personal-finance,no,
expense request form template excel,20,budget-personal-finance,no,
construction submittal template excel,20,construction-field,no,
construction cost codes excel,20,construction-field,no,
sales close plan templates,20,crm-sales-kpi,no,
cheerleading templates printable,20,crm-sales-kpi,no,
warehouse cleaning checklist template excel,20,health-habits-home,no,
airbnb cleaning checklist excel,20,health-habits-home,no,
printable pet health record template excel,20,health-habits-home,no,
peters excel,20,health-habits-home,no,
body for life workout sheets excel,20,health-habits-home,no,
deferred revenue schedule excel template,20,hr-schedule-payroll,no,
write up templates for employees,20,hr-schedule-payroll,no,
leave tracker excel template,20,hr-schedule-payroll,no,
employee relations case tracker excel,20,hr-schedule-payroll,no,
prepaid amortization schedule excel,20,hr-schedule-payroll,no,
pattern rifle stock templates,20,inventory,no,
molecular templates stock,20,inventory,no,
stock sector list excel download,20,inventory,no,
rifle stock templates,20,inventory,no,
chemical inventory template excel,20,inventory,no,
art inventory template excel,20,inventory,no,
landscaping invoice template excel,20,invoice-po-quote,no,
purchase order tracking template excel,20,invoice-po-quote,no,
request for quote template excel,20,invoice-po-quote,no,
purchase order log template excel,20,invoice-po-quote,no,
gutter estimate templates,20,invoice-po-quote,no,
bullet journal project management templates,20,project-management,no,
erp implementation project plan template excel,20,project-management,no,
safety audit checklist excel,20,quality-process,no,
iso 9001 2015 audit checklist excel xls,20,quality-process,no,
internal audit schedule template excel,20,quality-process,no,
as9100 audit checklist excel,20,quality-process,no,
camp letter templates from parents,20,real-estate-rental,no,
real estate reel templates,20,real-estate-rental,no,
mailchimp real estate templates,20,real-estate-rental,no,
real estate deal analyzer excel,20,real-estate-rental,no,
property management budget template excel,20,real-estate-rental,no,
football stat sheet template excel,20,sports-coaching,no,
football jersey templates,20,sports-coaching,no,
excel golf cart tires,20,sports-coaching,no,
eos scorecard template excel,20,sports-coaching,no,
stripo templates,20,travel,no,
field trip forms templates,20,travel,no,
wedding decor checklist excel,20,wedding-events,no,
christmas ad templates,20,wedding-events,no,
wedding photo templates,20,wedding-events,no,
etsy wedding templates,20,wedding-events,no,
stock transfer ledger template excel,10,bookkeeping-accounting,no,
billing ledger templates,10,bookkeeping-accounting,no,
common size balance sheet excel,10,bookkeeping-accounting,no,
cancel excel subscription,10,budget-personal-finance,no,
money order templates,10,budget-personal-finance,no,
theatre production budget template excel,10,budget-personal-finance,no,
trucking income and expense excel spreadsheet,10,budget-personal-finance,no,
bill paying checklist excel template,10,budget-personal-finance,no,
apple numbers templates personal finance,10,budget-personal-finance,no,
online excel work to earn money,10,budget-personal-finance,no,
printable swimming pool construction contract templates,10,construction-field,no,
sales and operations planning template excel,10,crm-sales-kpi,no,
cheerleading templates,10,crm-sales-kpi,no,
customer call log template excel,10,crm-sales-kpi,no,
printable interior design client questionnaire templates,10,crm-sales-kpi,no,
service desk kpi dashboard excel,10,crm-sales-kpi,no,
msp client onboarding checklist template excel,10,crm-sales-kpi,no,
recruitment kpi template excel,10,crm-sales-kpi,no,
accounts payable kpi excel template,10,crm-sales-kpi,no,
garden journal template excel,10,health-habits-home,no,
printable animal puppet templates,10,health-habits-home,no,
weekly workout template excel,10,health-habits-home,no,
weightlifting excel template,10,health-habits-home,no,
excel aspirin for dogs,10,health-habits-home,no,
excel mileage reimbursement form,10,health-habits-home,no,
house cleaning coupon templates,10,health-habits-home,no,
payroll accrual calculator excel,10,hr-schedule-payroll,no,
employee discipline tracker excel,10,hr-schedule-payroll,no,
maternity leave plan template excel,10,hr-schedule-payroll,no,
master sanitation schedule template excel,10,hr-schedule-payroll,no,
stream schedule templates,10,hr-schedule-payroll,no,
employee census template excel,10,hr-schedule-payroll,no,
basketball schedule template excel,10,hr-schedule-payroll,no,
payroll summary report template excel,10,hr-schedule-payroll,no,
sick leave excel spreadsheet template,10,hr-schedule-payroll,no,
celebrate recovery inventory worksheet excel,10,inventory,no,
stock valuation excel template,10,inventory,no,
airbnb inventory checklist excel,10,inventory,no,
rifle stock design templates,10,inventory,no,
stock data excel,10,inventory,no,
excel stock analysis template,10,inventory,no,
logiciel gestion de stock gratuit excel,10,inventory,no,
excel invoice manager,10,invoice-po-quote,no,
child care invoice template excel,10,invoice-po-quote,no,
petty cash receipt template excel,10,invoice-po-quote,no,
invoice tracker spreadsheet excel,10,invoice-po-quote,no,
limousine invoice templates,10,invoice-po-quote,no,
bakery invoice template excel,10,invoice-po-quote,no,
lawn service invoice template excel,10,invoice-po-quote,no,
project handover checklist template excel,10,project-management,no,
project go-live checklist template excel,10,project-management,no,
migration project plan template excel,10,project-management,no,
light up tracing pad templates,10,project-management,no,
diagramma di gantt excel,10,project-management,no,
mdsap audit checklist excel,10,quality-process,no,
internal audit dashboard excel template,10,quality-process,no,
mortgage itemized fee worksheet excel,10,real-estate-rental,no,
etsy real estate templates,10,real-estate-rental,no,
clickfunnels real estate templates,10,real-estate-rental,no,
elementor real estate templates,10,real-estate-rental,no,
property management websites templates,10,real-estate-rental,no,
football jersey design templates,10,sports-coaching,no,
excel golf clubs,10,sports-coaching,no,
football field template excel,10,sports-coaching,no,
football psd templates,10,sports-coaching,no,
football depth chart excel template,10,sports-coaching,no,
moving company templates,10,travel,no,
wedding venue checklist excel,10,wedding-events,no,
wedding gobo templates,10,wedding-events,no,
wedding song list template excel,10,wedding-events,no,
office seating plan template excel,10,wedding-events,no,
gift tracker template excel,10,wedding-events,no,
wedding dress templates,10,wedding-events,no,
nightmare before christmas templates,10,wedding-events,no,
to do list template excel,2100,project-management,no,
employee schedule template excel,1820,hr-schedule-payroll,no,
profit and loss statement template excel,1230,bookkeeping-accounting,no,
voice of the customer templates,1100,crm-sales-kpi,no,
debt snowball excel template,760,budget-personal-finance,no,
sales forecast templates,570,crm-sales-kpi,yes,https://tabletemplates.com/free/sales-forecast-templates/
change management templates,530,quality-process,no,
roi template excel,500,budget-personal-finance,yes,https://tabletemplates.com/free/roi-template-excel/
resource management excel template,500,project-management,no,
project retrospective templates,400,project-management,no,
excel for personal finance,370,budget-personal-finance,no,
seating chart templates,370,wedding-events,no,
work breakdown structure template excel,350,project-management,yes,https://tabletemplates.com/free/work-breakdown-structure-template-excel/
process map template excel,350,project-management,no,
lbo model excel,350,budget-personal-finance,no,
communication plan template excel,330,project-management,yes,https://tabletemplates.com/free/communication-plan-template-excel/
excel process map template,300,project-management,no,
sop template excel,300,quality-process,no,
journal entries excel,250,budget-personal-finance,yes,https://tabletemplates.com/free/journal-entries-excel/
excel business budget template,250,budget-personal-finance,yes,https://tabletemplates.com/free/excel-business-budget-template/
pro forma excel template,250,real-estate-rental,no,
market research templates,250,seo-marketing,no,
weekly cleaning schedule template excel,220,hr-schedule-payroll,no,
cash receipt templates,220,invoice-po-quote,no,
wedding timeline templates,200,wedding-events,no,
project management dashboard templates,200,project-management,no,
wedding video templates,200,wedding-events,no,
christmas ornament templates free download,200,wedding-events,no,
saas revenue forecast model excel,200,budget-personal-finance,no,
uml diagram templates,200,project-management,no,
implementation plan template excel,170,project-management,no,
christmas list templates,170,wedding-events,no,
excel packing list template,160,travel,yes,https://tabletemplates.com/free/excel-packing-list-template/
construction project budget template excel,150,construction-field,no,
client reports templates,150,crm-sales-kpi,no,
leadership templates,150,crm-sales-kpi,no,
employee information forms templates,150,hr-schedule-payroll,no,
financial projections template excel,150,project-management,no,
free excel property investment analysis spreadsheet template,150,real-estate-rental,no,
nursing templates,150,health-habits-home,no,
website audit template excel,150,bookkeeping-accounting,no,
roles and responsibilities template excel,150,project-management,no,
product marketing templates,150,seo-marketing,no,
baby shower game templates,150,wedding-events,no,
a3 template excel,150,quality-process,no,
hvac price book template excel,150,construction-field,no,
visio flowchart templates,150,project-management,no,
sprint planning template excel,150,project-management,no,
vacation calendar template excel,130,hr-schedule-payroll,no,
sales lead tracker excel template,110,crm-sales-kpi,no,
mileage excel template,110,health-habits-home,no,
website development project plan template excel,110,project-management,no,
free business income and expense tracker excel,100,budget-personal-finance,no,
construction budget templates,100,construction-field,no,
sales cadence templates,100,crm-sales-kpi,no,
client onboarding templates,100,crm-sales-kpi,no,
petition templates,100,health-habits-home,no,
preventive maintenance schedule template excel,100,hr-schedule-payroll,no,
football squares template excel,100,sports-coaching,no,
free wedding planning checklist excel,100,wedding-events,no,
showit templates for wedding photographers,100,wedding-events,no,
wedding slideshow templates,100,wedding-events,no,
capacity planning template excel,100,project-management,no,
free contract management software excel,100,bookkeeping-accounting,no,
homeowners association templates,100,real-estate-rental,no,
360 feedback templates,100,hr-schedule-payroll,no,
swimlane templates,100,project-management,no,
excel bracket template,100,sports-coaching,no,
traceability matrix templates,100,quality-process,no,
fp&a excel,100,budget-personal-finance,no,
recruitment budget template excel,90,budget-personal-finance,no,
best linkedin inmail templates for sales,90,crm-sales-kpi,no,
hourly gantt chart excel template,90,project-management,no,
excel spreadsheet for real estate agents,90,real-estate-rental,no,
packing slip template excel,90,travel,no,
employee pay stub template excel,80,hr-schedule-payroll,no,
construction websites templates,80,construction-field,no,
recipe template excel,80,health-habits-home,no,
catering invoice templates,80,invoice-po-quote,no,
hr scorecard templates,80,sports-coaching,no,
zero based budget excel template,70,budget-personal-finance,no,
sales kpi template excel,70,crm-sales-kpi,no,
3 year financial projection template excel free,70,project-management,no,
real estate video templates,70,real-estate-rental,no,
heart templates different sizes,70,real-estate-rental,no,
pro forma income statement excel,60,bookkeeping-accounting,no,
customer journey map template excel,60,crm-sales-kpi,no,
employee recognition templates,60,hr-schedule-payroll,no,
car rental invoice template excel,60,invoice-po-quote,no,
audit checklist templates,60,quality-process,no,
golf outing templates,60,sports-coaching,no,
golf tournament spreadsheet template excel,60,sports-coaching,no,
guest list template excel free download,60,wedding-events,no,
trust accounting template excel,50,bookkeeping-accounting,no,
sales commission excel template,50,crm-sales-kpi,no,
cut out printable shadow puppet templates,50,health-habits-home,no,
cleaning business templates,50,health-habits-home,no,
summer camp schedule templates,50,hr-schedule-payroll,no,
maintenance schedule templates pricing,50,hr-schedule-payroll,no,
employee productivity tracker excel template free download,50,hr-schedule-payroll,no,
excel stock portfolio tracker,50,inventory,no,
invoice templates for mac,50,invoice-po-quote,no,
project prioritization matrix template excel,50,project-management,no,
manufacturing budget template excel,40,budget-personal-finance,no,
employee engagement action plan template excel,40,hr-schedule-payroll,no,
pro forma invoice templates,40,invoice-po-quote,no,
free restaurant monthly profit and loss statement template for excel,30,bookkeeping-accounting,no,
capital budgeting excel template,30,budget-personal-finance,no,
elementor sales funnel templates,30,crm-sales-kpi,no,
workout templates for personal trainers,30,health-habits-home,no,
camping meal plan template excel,30,health-habits-home,no,
employee productivity tracker excel,30,hr-schedule-payroll,no,
photography invoice templates,30,invoice-po-quote,no,
project network diagram template excel,30,project-management,no,
leather project templates,30,project-management,no,
real estate budget template excel,30,real-estate-rental,no,
commercial real estate pro forma template excel,30,real-estate-rental,no,
real estate landing pages templates,30,real-estate-rental,no,
christmas crafts templates,30,wedding-events,no,
paycheck calculator excel template,20,budget-personal-finance,no,
customer service coaching templates,20,crm-sales-kpi,no,
printable workout templates for personal trainers,20,health-habits-home,no,
group weight loss spreadsheet template excel,20,health-habits-home,no,
car maintenance log excel,20,health-habits-home,no,
stick puppet templates,20,health-habits-home,no,
employee surveys templates,20,hr-schedule-payroll,no,
heloc amortization schedule excel,20,hr-schedule-payroll,no,
nursing schedule template excel,20,hr-schedule-payroll,no,
monthly payment schedule template excel,20,hr-schedule-payroll,no,
daily production schedule template excel download,20,hr-schedule-payroll,no,
excel spreadsheet coin inventory templates,20,inventory,no,
flip book templates,20,real-estate-rental,no,
real estate underwriting excel model,20,real-estate-rental,no,
weekly football pool excel spreadsheet,20,sports-coaching,no,
shipping packing list template excel,20,travel,no,
shipstation packing slip templates,20,travel,no,
indian wedding templates,20,wedding-events,no,
non-profit balance sheet template excel,10,bookkeeping-accounting,no,
subscription templates,10,budget-personal-finance,no,
70/20/10 budget template excel,10,budget-personal-finance,no,
grocery excel sheet,10,health-habits-home,no,
employee award templates,10,hr-schedule-payroll,no,
employee cost calculator excel template,10,hr-schedule-payroll,no,
sunday school attendance sheet excel,10,hr-schedule-payroll,no,
daily medication schedule template excel,10,hr-schedule-payroll,no,
excel force payroll,10,hr-schedule-payroll,no,
stock portfolio tracker excel download,10,inventory,no,
gas receipt template excel,10,invoice-po-quote,no,
project meeting minutes template excel,10,project-management,no,
project estimation template excel free,10,project-management,no,
project cost analysis template excel,10,project-management,no,
multiple project status report template excel,10,project-management,no,
project prioritization portfolio excel,10,project-management,no,
football pool templates,10,sports-coaching,no,
3d paper christmas ornaments templates,10,wedding-events,no,
excel project management,2330,project-management,no,
birthday templates,1300,wedding-events,no,
marketing plan templates,850,seo-marketing,no,
paystub templates,650,invoice-po-quote,no,
okr excel template,600,project-management,yes,https://tabletemplates.com/free/okr-excel-template/
work schedule templates,510,hr-schedule-payroll,no,
kanban template excel,350,project-management,no,
onboarding checklist template excel,350,hr-schedule-payroll,yes,https://tabletemplates.com/free/onboarding-checklist-template-excel/
bill of sale templates,310,invoice-po-quote,no,
marketing report templates,300,seo-marketing,yes,https://tabletemplates.com/free/marketing-report-templates/
recruiting templates,300,hr-schedule-payroll,no,
agile templates,280,project-management,no,
wedding seating chart templates,260,wedding-events,no,
critical path analysis templates,250,project-management,yes,https://tabletemplates.com/free/critical-path-analysis-templates/
forecasting excel template,250,budget-personal-finance,no,
inventory management excel software,220,inventory,no,
construction daily report template excel,210,construction-field,yes,https://tabletemplates.com/free/construction-daily-report-template-excel/
freelancer invoice templates,200,invoice-po-quote,no,
ppc report templates,200,seo-marketing,no,
gl account reconciliation template excel,200,budget-personal-finance,yes,https://tabletemplates.com/free/gl-account-reconciliation-template-excel/
schedule of values template excel,180,hr-schedule-payroll,no,
income statement templates,170,bookkeeping-accounting,no,
accounting websites templates,150,bookkeeping-accounting,no,
sms templates for customer service,150,crm-sales-kpi,no,
excel competitor,150,health-habits-home,no,
onboarding schedule template excel,150,hr-schedule-payroll,no,
real estate crm excel template,150,real-estate-rental,no,
journal entry templates,150,budget-personal-finance,no,
price list templates,150,invoice-po-quote,no,
consulting proposal templates,150,seo-marketing,no,
decision log template excel,150,project-management,no,
account plan template excel,130,project-management,no,
excel gradebook template,110,health-habits-home,no,
sales tracking templates,100,crm-sales-kpi,no,
templates for customer satisfaction surveys,100,crm-sales-kpi,no,
fitness templates,100,health-habits-home,no,
fitness websites templates,100,health-habits-home,no,
soc 2 compliance checklist excel,100,quality-process,no,
business case excel template,100,project-management,no,
functional requirements template excel,100,project-management,no,
scrum template excel,100,project-management,no,
communication plan excel,100,project-management,no,
dmaic template excel,100,quality-process,no,
qbr templates,100,project-management,no,
backlog template excel,100,project-management,no,
doctor notes templates,100,health-habits-home,no,
medical binder templates,100,health-habits-home,no,
planner templates groceries on a budget,90,budget-personal-finance,no,
free construction daily report template excel,90,construction-field,no,
bar inventory templates,80,inventory,no,
project brief templates,80,project-management,no,
real estate prospecting letter templates,80,real-estate-rental,no,
accounting workflow templates,70,bookkeeping-accounting,no,
amortization schedule with balloon payment excel,70,hr-schedule-payroll,no,
wedding photography websites templates,70,wedding-events,no,
accounting month-end close checklist excel template,60,bookkeeping-accounting,no,
lead tracker template excel,60,crm-sales-kpi,no,
office cleaning checklist templates,60,health-habits-home,no,
employee templates,60,hr-schedule-payroll,no,
project requirements template excel,50,project-management,no,
travel blog templates,50,travel,no,
christmas slideshow templates,50,wedding-events,no,
sales lead tracking excel template,40,crm-sales-kpi,no,
legal project management templates,40,project-management,no,
real estate direct mail templates,40,real-estate-rental,no,
commercial real estate due diligence checklist excel,40,real-estate-rental,no,
real estate development pro forma template excel free,40,real-estate-rental,no,
restaurant p&l template excel,30,bookkeeping-accounting,no,
subscription revenue model excel,30,budget-personal-finance,no,
trucking invoice template excel,30,invoice-po-quote,no,
excel purchase order template free,30,invoice-po-quote,no,
templates for real estate,30,real-estate-rental,no,
excel icon transparent,30,real-estate-rental,no,
christmas toilet paper roll crafts templates,30,wedding-events,no,
daily cash register balance sheet template excel,20,bookkeeping-accounting,no,
statement of functional expenses template excel,20,budget-personal-finance,no,
travel expense report excel,20,budget-personal-finance,no,
construction forms templates,20,construction-field,no,
b2b sales templates,20,crm-sales-kpi,no,
weekly lesson plan templates,20,health-habits-home,no,
flower petal templates,20,health-habits-home,no,
free medical office cleaning checklist templates,20,health-habits-home,no,
excel editable meal plan template,20,health-habits-home,no,
professional house cleaning checklist template excel,20,health-habits-home,no,
cleaning schedules templates,20,hr-schedule-payroll,no,
christmas stocking templates,20,inventory,no,
business trip itinerary template excel,20,travel,no,
international moving checklist excel,20,travel,no,
wedding anniversary templates,20,wedding-events,no,
christmas border templates,20,wedding-events,no,
bill payment checklist excel,10,budget-personal-finance,no,
square foot gardening templates,10,health-habits-home,no,
restaurant kitchen cleaning checklist excel,10,health-habits-home,no,
employee progress report template excel,10,hr-schedule-payroll,no,
shooting schedule template excel,10,hr-schedule-payroll,no,
stock trading excel spreadsheet,10,inventory,no,
project execution plan template excel,10,project-management,no,
project transition plan template excel,10,project-management,no,
excel project portfolio management prioritization,10,project-management,no,
25 square football pool excel,10,sports-coaching,no,
excel crm templates,1820,crm-sales-kpi,no,
small business excel spreadsheet,1400,bookkeeping-accounting,no,
critical path excel template,1200,project-management,no,
risk register excel template,600,project-management,yes,https://tabletemplates.com/free/risk-register-excel-template/
product survey templates,490,crm-sales-kpi,no,
sales funnel templates,460,crm-sales-kpi,no,
project status templates,440,project-management,no,
press release templates,250,seo-marketing,no,
process documentation templates,250,project-management,no,
content audit template excel,250,bookkeeping-accounting,no,
printable christmas templates,230,wedding-events,no,
excel competitors,200,health-habits-home,no,
mailchimp christmas templates,200,wedding-events,no,
digital marketing templates,200,seo-marketing,no,
risk matrix template excel,200,project-management,no,
ga4 custom reports templates,200,seo-marketing,no,
real estate websites templates,180,real-estate-rental,no,
cleaning contract templates,160,health-habits-home,no,
bookkeeping templates for small business,150,bookkeeping-accounting,no,
utility bill templates,150,budget-personal-finance,no,
sales strategy templates,150,crm-sales-kpi,no,
new employee onboarding checklist template excel,150,hr-schedule-payroll,no,
cash flow statement format in excel,150,budget-personal-finance,no,
celebration of life templates,150,wedding-events,no,
construction proposal templates,130,construction-field,no,
construction material list template excel,100,construction-field,no,
lead generation landing pages templates,100,crm-sales-kpi,no,
team charter templates,100,project-management,no,
go to market templates,100,project-management,no,
a3 templates,100,quality-process,no,
individual development plan templates,100,project-management,no,
sprint planning templates,100,project-management,no,
pert charts templates,100,project-management,no,
sms templates for sales,80,crm-sales-kpi,no,
marketing kpi dashboard excel template,80,crm-sales-kpi,no,
lead form templates,70,crm-sales-kpi,no,
accounting month end checklist template excel,60,bookkeeping-accounting,no,
excel weight loss tracker,60,health-habits-home,no,
stock trading journal excel,60,inventory,no,
business receipt templates,60,invoice-po-quote,no,
construction checklist templates,50,construction-field,no,
sales letter templates,50,crm-sales-kpi,no,
daily sales tracker excel template free download,50,crm-sales-kpi,no,
cleaning business templates free,50,health-habits-home,no,
project portfolio management template excel,50,project-management,no,
comic strips templates,50,travel,no,
excel torrent,40,real-estate-rental,no,
printable heart templates different sizes,40,real-estate-rental,no,
wedding day timeline template excel,40,wedding-events,no,
car sales templates,30,crm-sales-kpi,no,
restaurant cleaning checklist excel,30,health-habits-home,no,
real estate pipeline template excel,30,real-estate-rental,no,
commercial real estate underwriting template excel,30,real-estate-rental,no,
fantasy football excel sheet,30,sports-coaching,no,
payment ledger template excel,20,bookkeeping-accounting,no,
construction estimating templates,20,construction-field,no,
construction purchase order template excel,20,invoice-po-quote,no,
project scope templates,20,project-management,no,
real estate business plan templates,20,real-estate-rental,no,
downloadable capex and opex budget template excel,10,budget-personal-finance,no,
office cleaning checklist template excel free download,10,health-habits-home,no,
employee break schedule template excel,10,hr-schedule-payroll,no,
google invoice templates free,10,invoice-po-quote,no,
software implementation project plan template excel,10,project-management,no,
sop templates,1150,quality-process,no,
roadmap templates,860,project-management,no,
concept maps templates,600,project-management,no,
itinerary templates,390,travel,no,
construction contract templates,360,construction-field,no,
succession planning templates,300,project-management,no,
construction templates,290,construction-field,no,
feedback form templates,200,crm-sales-kpi,no,
risk management template excel,200,project-management,no,
resource planning templates,200,project-management,yes,https://tabletemplates.com/free/resource-planning-templates/
meeting outline templates,200,crm-sales-kpi,no,
non profit budget template excel,180,budget-personal-finance,yes,https://tabletemplates.com/free/non-profit-budget-template-excel/
smart goals template excel,170,budget-personal-finance,yes,https://tabletemplates.com/free/smart-goals-template-excel/
sales & customers templates,150,crm-sales-kpi,no,
sales deck templates,150,crm-sales-kpi,no,
lead magnet templates,150,crm-sales-kpi,no,
project schedule templates,150,hr-schedule-payroll,no,
marketing brief templates,150,seo-marketing,no,
vehicle maintenance log template excel,150,fleet-logistics,no,
content marketing strategy templates,150,seo-marketing,no,
free small business templates,150,bookkeeping-accounting,no,
wedding checklist templates,120,wedding-events,no,
lean six sigma templates,100,quality-process,no,
customer satisfaction survey templates,90,crm-sales-kpi,no,
weekly status report template excel,80,project-management,no,
name tracing templates,70,project-management,no,
rental property excel spreadsheet free download,70,real-estate-rental,no,
excel production schedule,60,hr-schedule-payroll,no,
equipment maintenance schedule template excel,60,hr-schedule-payroll,no,
sales prospecting excel template,40,crm-sales-kpi,no,
planners with budget section,30,budget-personal-finance,no,
habit tracker template excel free download,30,health-habits-home,no,
sports team budget template excel,20,budget-personal-finance,no,
savings calculator excel,20,budget-personal-finance,no,
employee contact list template excel,20,hr-schedule-payroll,no,
documentary budget template excel,10,budget-personal-finance,no,
excel estimate,10,invoice-po-quote,no,
3 year projection template excel,10,project-management,no,
excel sports,1100,sports-coaching,no,
church bulletin templates,700,wedding-events,no,
raci chart excel,630,project-management,no,
crm templates,500,crm-sales-kpi,no,
excel risk assessment template,410,project-management,no,
workflow templates,400,project-management,no,
work order templates,350,hr-schedule-payroll,no,
customer service templates,260,crm-sales-kpi,no,
debt snowball calculator excel,250,budget-personal-finance,no,
rsvp templates,250,wedding-events,no,
case study templates,250,crm-sales-kpi,no,
roi calculator excel,250,budget-personal-finance,no,
habit tracker excel,240,health-habits-home,no,
employee satisfaction survey templates,200,hr-schedule-payroll,no,
looker studio seo report templates,200,seo-marketing,no,
content strategy templates,200,seo-marketing,no,
human resources templates,200,hr-schedule-payroll,no,
crm excel client tracking template,150,crm-sales-kpi,no,
issue tracker excel,150,project-management,no,
product launch plan templates,150,seo-marketing,no,
free graduation templates,150,wedding-events,no,
sales presentation templates,100,crm-sales-kpi,no,
employee development plan templates,100,hr-schedule-payroll,no,
daily task tracker template excel,100,project-management,no,
free funeral templates,100,wedding-events,no,
gap analysis excel template,100,quality-process,no,
social media campaign templates,100,seo-marketing,no,
empathy map templates,100,project-management,no,
crm excel dashboard,40,crm-sales-kpi,no,
sales battlecard templates,40,crm-sales-kpi,no,
personal net worth statement template excel,30,budget-personal-finance,no,
customer feedback templates,30,crm-sales-kpi,no,
sales activity report excel,20,crm-sales-kpi,no,
strong workout templates,20,health-habits-home,no,
sample excel file with employee data for practice,20,hr-schedule-payroll,no,
payroll register template excel,20,hr-schedule-payroll,no,
moving templates,20,travel,no,
film budget excel template,10,budget-personal-finance,no,
make money selling templates,10,budget-personal-finance,no,
editable grocery list template excel,10,health-habits-home,no,
excel medication schedule template,10,hr-schedule-payroll,no,
ms project templates free,10,project-management,no,
project resource planning template excel free,10,project-management,no,
raci template excel,760,project-management,no,
excel project roadmap template,510,project-management,no,
competitive analysis template excel,370,health-habits-home,no,
employee handbook templates,350,hr-schedule-payroll,no,
marketing strategy templates,250,seo-marketing,no,
real estate web design templates,160,real-estate-rental,no,
qbo invoice templates,150,invoice-po-quote,no,
brand positioning templates,150,seo-marketing,no,
construction template excel,100,construction-field,no,
technology roadmap templates,100,project-management,no,
real estate mailer templates,100,real-estate-rental,no,
process templates,100,project-management,no,
restaurant profit and loss statement excel template free,60,bookkeeping-accounting,no,
lead generation templates,60,crm-sales-kpi,no,
class schedule template excel,60,hr-schedule-payroll,no,
pay someone to do excel project,30,project-management,no,
construction pro forma template excel,20,construction-field,no,
software development project plan template excel,20,project-management,no,
sales contract templates,10,crm-sales-kpi,no,
raci matrix template excel free download,10,project-management,no,
budget planners,780,budget-personal-finance,no,
do my excel project for me,360,project-management,no,
copywriting templates,250,seo-marketing,no,
agile project management templates,220,project-management,no,
brand identity templates,200,seo-marketing,no,
bridal shower templates,190,wedding-events,no,
real estate website design templates,150,real-estate-rental,no,
monthly cash flow template excel free download,150,budget-personal-finance,no,
decision tree templates,150,project-management,no,
website wireframe templates,150,project-management,no,
simple cash flow template excel,150,budget-personal-finance,no,
medical form templates,150,health-habits-home,no,
dcf template excel,100,budget-personal-finance,no,
real estate marketing templates,90,real-estate-rental,no,
sales scripts templates,50,crm-sales-kpi,no,
employee skills matrix template excel,50,hr-schedule-payroll,no,
christmas party templates,40,wedding-events,no,
microsoft excel torrent,30,real-estate-rental,no,
family reunion budget template excel,20,budget-personal-finance,no,
free payroll template excel,20,hr-schedule-payroll,no,
employee daily task list template excel,20,hr-schedule-payroll,no,
goodnotes budget templates free download,10,budget-personal-finance,no,
gantt diagramm excel vorlage,10,project-management,no,
weekly status report template excel free download,10,project-management,no,
travel templates free,10,travel,no,
excel financial models,400,budget-personal-finance,no,
small business templates,250,bookkeeping-accounting,no,
wireframe templates,200,project-management,no,
monthly closing checklist excel,150,bookkeeping-accounting,no,
sales dashboard templates,100,crm-sales-kpi,no,
garden design templates,100,health-habits-home,no,
weekly status report templates,100,project-management,no,
content calendar examples excel,100,seo-marketing,no,
project report templates,90,project-management,no,
wedding website design templates,70,wedding-events,no,
square invoice templates,50,invoice-po-quote,no,
payroll calculator excel template,10,hr-schedule-payroll,no,
uk invoice templates,10,invoice-po-quote,no,
meeting minutes and action items template excel,10,project-management,no,
sales playbook templates,150,crm-sales-kpi,no,
marketing reporting templates,150,seo-marketing,no,
sales funnel excel,100,crm-sales-kpi,no,
employee contract templates,100,hr-schedule-payroll,no,
rental application templates,100,real-estate-rental,no,
templates for employment applications,100,hr-schedule-payroll,no,
sample sales data excel,50,crm-sales-kpi,no,
project proposal template excel,50,project-management,no,
real estate ad templates,50,real-estate-rental,no,
star templates different sizes,40,real-estate-rental,no,
gift voucher templates,30,wedding-events,no,
employee attendance sheet with time in excel,10,hr-schedule-payroll,no,
swot analysis template excel,250,project-management,yes,https://tabletemplates.com/free/swot-analysis-template-excel/
design thinking templates,150,project-management,no,
best digital planners for adhd,130,health-habits-home,no,
sales goals templates,100,crm-sales-kpi,no,
cash flow projection template excel,100,project-management,no,
social media marketing plan templates,100,seo-marketing,no,
financial model templates,100,budget-personal-finance,no,
sales forecasting excel,80,crm-sales-kpi,no,
free sales funnel templates,40,crm-sales-kpi,no,
30 second sales pitch templates,10,crm-sales-kpi,no,
seo templates,1300,seo-marketing,no,
org chart templates,800,hr-schedule-payroll,no,
graduation templates,250,wedding-events,no,
advanced excel for finance,150,budget-personal-finance,no,
free bill of sale templates,150,invoice-po-quote,no,
product roadmap excel template,100,project-management,no,
customer profile templates,70,crm-sales-kpi,no,
3 year cash flow projection template excel,60,project-management,no,
finance in excel,30,budget-personal-finance,no,
bill of sale templates free,30,invoice-po-quote,no,
sales proposals templates,10,crm-sales-kpi,no,
stock market data download excel,10,inventory,no,
fantasy football cheat sheet excel,900,sports-coaching,no,
copilot finance excel,450,budget-personal-finance,no,
flow chart templates,250,project-management,no,
analytics dashboard templates,100,crm-sales-kpi,no,
food cost calculator excel,100,health-habits-home,no,
social media content calendar excel template,50,seo-marketing,no,
wedding templates free download,30,wedding-events,no,
lead pages templates,10,crm-sales-kpi,no,
parenting plan templates free,10,real-estate-rental,no,
